{
	"info": {
		"_postman_id": "76b489dc-36b8-4a30-88b4-46504264e0bf",
		"name": "Order API",
		"schema": "https://schema.getpostman.com/json/collection/v2.0.0/collection.json",
		"_exporter_id": "40445620",
		"_collection_link": "https://pomaracze.postman.co/workspace/Pomara%C5%84cze-Workspace~3e3242f4-4a65-4f1b-824b-2e8baf9b6f14/collection/40445620-76b489dc-36b8-4a30-88b4-46504264e0bf?action=share&source=collection_link&creator=40445620"
	},
	"item": [
		{
			"name": "Create a New Order",
			"protocolProfileBehavior": {
				"disabledSystemHeaders": {}
			},
			"request": {
				"method": "POST",
				"header": [],
				"body": {
					"mode": "raw",
					"raw": "{\r\n    \"customerName\" : \"John Doe\"\r\n}",
					"options": {
						"raw": {
							"language": "json"
						}
					}
				},
				"url": "http://localhost:8080/orders"
			},
			"response": []
		},
		{
			"name": "Retrieve All Orders",
			"request": {
				"method": "GET",
				"header": [],
				"url": "http://localhost:8080/orders"
			},
			"response": []
		},
		{
			"name": "Retrieve an Order by ID",
			"request": {
				"method": "GET",
				"header": [],
				"url": "http://localhost:8080/orders/1"
			},
			"response": [
				{
					"name": "Retrieve an Order by ID",
					"originalRequest": {
						"method": "GET",
						"header": [],
						"url": "http://localhost:8080/orders/3"
					},
					"status": "OK",
					"code": 200,
					"_postman_previewlanguage": "json",
					"header": [
						{
							"key": "Content-Type",
							"value": "application/json"
						},
						{
							"key": "Transfer-Encoding",
							"value": "chunked"
						},
						{
							"key": "Date",
							"value": "Wed, 18 Dec 2024 14:41:27 GMT"
						},
						{
							"key": "Keep-Alive",
							"value": "timeout=60"
						},
						{
							"key": "Connection",
							"value": "keep-alive"
						}
					],
					"cookie": [],
					"body": "{\n    \"items\": [],\n    \"totalPrice\": 0,\n    \"customerName\": \"John Doe\",\n    \"id\": 3,\n    \"orderStatus\": \"EMPTY\"\n}"
				}
			]
		},
		{
			"name": "Add a Line Item to an Order",
			"request": {
				"method": "POST",
				"header": [],
				"body": {
					"mode": "raw",
					"raw": "{\r\n    \"name\": \"Laptop\",\r\n    \"price\": 1200,\r\n    \"quantity\": 1\r\n}",
					"options": {
						"raw": {
							"language": "json"
						}
					}
				},
				"url": "http://localhost:8080/orders/1/line-items"
			},
			"response": []
		},
		{
			"name": "Remove a Line Item from an Order",
			"request": {
				"method": "DELETE",
				"header": [],
				"url": "http://localhost:8080/orders/1/line-items/Laptop"
			},
			"response": []
		},
		{
			"name": "Delete an Order",
			"request": {
				"method": "DELETE",
				"header": [],
				"url": "http://localhost:8080/orders/1"
			},
			"response": []
		}
	]
}